percorso_dest	dimensione_byte	sha256	sorgente	url
catasto/particelle.pmtiles	39989293	93b0631873d17ad87eb29e91d7de5da8bd9c95a4643fa023ac9607d723d6915b	/mnt/d/GitHub - Clone/SiciliaHub/PRG2004/particelle/particelle.pmtiles	https://palermohub.github.io/PRG2004/particelle/particelle.pmtiles
prg-vincoli/prg.pmtiles	9202547	d5f0097d95cba7346bf407145d64f9d2560f06b4bc1b7adf006515196dab33ef	/mnt/d/GitHub - Clone/SiciliaHub/PRG2004/particelle/prg.pmtiles	https://palermohub.github.io/PRG2004/particelle/prg.pmtiles
prg-vincoli/Variente_Generale_PRG_2004.gpkg	14225408	12dcb9fd578d89e0ed774b3a32505fd9a18444de857aacf107320bc8b8da0d8d	/mnt/h/Archivio Lavori/Qgis-uMap/PRG_PA_2004/Variente_Generale_PRG_2004.gpkg	
civici-omi/civici_0226.pmtiles	6773850	27da2bda2e1a1ac4a9a6e6a0ce4cde495a87708b3399b2625b0577854a537d0f	/mnt/d/GitHub - Clone/SiciliaHub/PRG2004/civici/civici_0226.pmtiles	https://palermohub.github.io/PRG2004/civici/civici_0226.pmtiles
civici-omi/Zone_OMI_2025_II.pmtiles	4886206	bedfdf20105363e4c5409698c756b6fdffb6dc55fad0d5baf381bc8575e0267b	/mnt/d/GitHub - Clone/SiciliaHub/PRG2004/civici/Zone_OMI_2025_II.pmtiles	https://palermohub.github.io/PRG2004/civici/Zone_OMI_2025_II.pmtiles
civici-omi/immobili_comunali_2024.pmtiles	4217822	c7b149f5de5a4e9a2061bbcabd1bb516ae3eb4f2dea464eba10f688d1de82fae	/mnt/d/GitHub - Clone/SiciliaHub/PRG2004/immobili/immobili_comunali_2024.pmtiles	https://palermohub.github.io/PRG2004/immobili/immobili_comunali_2024.pmtiles
edifici/edificato.gpkg	50462720	384ef4b1a243b139b81da84a1bb8ebe407b08c9100b16a037fa854fb80f58be8	/home/coseerobe/GitHub-Clone/coseerobe/palermo_dtm_5m/dati/edificato.gpkg	
edifici/buildings_wgs84.pmtiles	29291993	61854375834fa155353c4d6df1e029ff472a40ceabeee03ed5ccbe478bfe04ec	/mnt/d/GitHub - Clone/SiciliaHub/palermohub/carto/buildings_wgs84.pmtiles	https://palermohub.opendatasicilia.it/carto/buildings_wgs84.pmtiles
edifici/edificato_pop.pmtiles	20042288	c8399b5017fdc6d6b6ba9f0ff2c1217b657af6f6012fdce42ab7c7ae88a134bd	/home/coseerobe/GitHub-Clone/coseerobe/palermo_popolazione/data/edificato.pmtiles	https://gbvitrano.github.io/palermo_popolazione/data/edificato.pmtiles
terreno/palermo_dtm5m.tif	57031678	564a8b5749e6ba0eaa81fe1a21afb246ee47415a01b58a8b4b4abd06dee86a11	/home/coseerobe/GitHub-Clone/coseerobe/palermo_dtm_5m/dati/palermo_dtm5m.tif	https://palermohub.github.io/Palerm-DTM-5m/dati/palermo_dtm5m.tif
terreno/dsm.tif	16875024	a85e82adce25542d4225df490f501ebc927bbde3ef92f9c800197ff54d2e4ca5	/home/coseerobe/GitHub-Clone/coseerobe/ombre/data/dsm.tif	
popolazione/confini_amministrativi.pmtiles	178539	8d5cc9e9ab9eebaf37116b2af8093813c1da0297f983b3774c650aff4d8bcadd	/home/coseerobe/GitHub-Clone/coseerobe/palermo_popolazione/data/confini_amministrativi.pmtiles	https://gbvitrano.github.io/palermo_popolazione/data/confini_amministrativi.pmtiles
popolazione/geo_sezioni_2021.pmtiles	7078181	c2fd840f30cb155218419a75b296d455a7f3b7849edfb2bb46b9e392ba5e92b8	/home/coseerobe/GitHub-Clone/coseerobe/palermo_popolazione/data/geo_sezioni_2021.pmtiles	https://gbvitrano.github.io/palermo_popolazione/data/geo_sezioni_2021.pmtiles
popolazione/punti_pop_10.pmtiles	1111444	d458ba8c23cab4d1c1f3eee6289bbd26684c174a98693bf462edad4afd6133ee	/home/coseerobe/GitHub-Clone/coseerobe/palermo_popolazione/data/punti_pop_10.pmtiles	https://gbvitrano.github.io/palermo_popolazione/data/punti_pop_10.pmtiles
popolazione/punti_pop_1.pmtiles	8185107	2e6baac2780700afbfe0b19153557e6cd644ce4457dc3cfa05641d1936d04b96	/home/coseerobe/GitHub-Clone/coseerobe/palermo_popolazione/data/punti_pop_1.pmtiles	https://gbvitrano.github.io/palermo_popolazione/data/punti_pop_1.pmtiles
popolazione/confini_zone.json	1068611	a638e05aca1a80e5a316d026284699c086dc683dc12c67aaafe3e3f361cda630	/home/coseerobe/GitHub-Clone/coseerobe/palermo_popolazione/data/confini_zone.json	https://gbvitrano.github.io/palermo_popolazione/data/confini_zone.json
popolazione/edifici_zona.json	2465804	1c08a41ec8915c8e83e5936baddac52e37f9565c561aa1fe4734e52645a15df5	/home/coseerobe/GitHub-Clone/coseerobe/palermo_popolazione/data/edifici_zona.json	https://gbvitrano.github.io/palermo_popolazione/data/edifici_zona.json
popolazione/sezioni_indicatori_2023.json	4498043	9259a9d605ebc3537ecb7dd5136e43297feb6b341ad89c2a7147f2654c6218a6	/home/coseerobe/GitHub-Clone/coseerobe/palermo_popolazione/data/sezioni_indicatori_2023.json	https://gbvitrano.github.io/palermo_popolazione/data/sezioni_indicatori_2023.json
popolazione/sezioni_indicatori.json	6133553	4e104901ea41d7c8fe22cfaa00a350224676747599a5b11f511145ab4ae813c8	/home/coseerobe/GitHub-Clone/coseerobe/palermo_popolazione/data/sezioni_indicatori.json	https://gbvitrano.github.io/palermo_popolazione/data/sezioni_indicatori.json
clima/dtm_zonal_sezioni.json	825126	04f68976006f36a2ed707b1a9e488478d6bf28ce28494d745f3ef817cf9b22ec	/home/coseerobe/GitHub-Clone/coseerobe/sup_temp_estiva/dati/dtm_zonal_sezioni.json	https://palermohub.github.io/isole_di_calore/dati/dtm_zonal_sezioni.json
clima/geo_search.json	18548	3869c70c0b4fbe1387852c9a94a20212e62e02946b33de5c5df6fd0cbc12f14d	/home/coseerobe/GitHub-Clone/coseerobe/sup_temp_estiva/dati/geo_search.json	https://palermohub.github.io/isole_di_calore/dati/geo_search.json
clima/lst_densvia_config.json	586	7bf038ec18e4ed477e7b93f736dafc78fca429801849720aa32789da3fd3316c	/home/coseerobe/GitHub-Clone/coseerobe/sup_temp_estiva/dati/lst_densvia_config.json	https://palermohub.github.io/isole_di_calore/dati/lst_densvia_config.json
clima/lst_densvia_stats.json	737341	60af01f0f8954262a58727733348c35c1f2b6f669c37f9d18c460534b3735066	/home/coseerobe/GitHub-Clone/coseerobe/sup_temp_estiva/dati/lst_densvia_stats.json	https://palermohub.github.io/isole_di_calore/dati/lst_densvia_stats.json
clima/lst_palermo_config.json	580	fad4322b08521548cbe85d2520b2cca99e6ce18c343548edc89a6a5c3b51ce97	/home/coseerobe/GitHub-Clone/coseerobe/sup_temp_estiva/dati/lst_palermo_config.json	https://palermohub.github.io/isole_di_calore/dati/lst_palermo_config.json
clima/lst_palermo_stats.json	546965	cb747f2a6b1a69b4cd77babba8e6d032dbcb63b7d7342087dcea5927daa037f1	/home/coseerobe/GitHub-Clone/coseerobe/sup_temp_estiva/dati/lst_palermo_stats.json	https://palermohub.github.io/isole_di_calore/dati/lst_palermo_stats.json
clima/lst_trend.json	214904	b227f3e27b581aee9c52afdade483ed0b4abdc4db9d2d9ad61e15c10cb3efbdf	/home/coseerobe/GitHub-Clone/coseerobe/sup_temp_estiva/dati/lst_trend.json	https://palermohub.github.io/isole_di_calore/dati/lst_trend.json
clima/lst_years_stats.json	177109	2964b6b5e2e44daaf4638dc9f6ec8e95f03a04b5b819f0f8c8657c6cf4ad98ff	/home/coseerobe/GitHub-Clone/coseerobe/sup_temp_estiva/dati/lst_years_stats.json	https://palermohub.github.io/isole_di_calore/dati/lst_years_stats.json
clima/regressione_lst_residui.json	1135139	f47c65aa40ebf967b463c3edd1168e6457a4a859ae64bb54e77776549e965606	/home/coseerobe/GitHub-Clone/coseerobe/sup_temp_estiva/dati/regressione_lst_residui.json	https://palermohub.github.io/isole_di_calore/dati/regressione_lst_residui.json
clima/residui_stats.json	89114	eb0040941adc5ab92edb33d02a1684a88bf29e24bb457ca6d2949a3efe612315	/home/coseerobe/GitHub-Clone/coseerobe/sup_temp_estiva/dati/residui_stats.json	https://palermohub.github.io/isole_di_calore/dati/residui_stats.json
clima/sezioni_stats.json	173732	b7b773b61da2690776c67f4c7aee2ce427e52795bf55ef5e93f17ff8b2f3087d	/home/coseerobe/GitHub-Clone/coseerobe/sup_temp_estiva/dati/sezioni_stats.json	https://palermohub.github.io/isole_di_calore/dati/sezioni_stats.json
clima/STstats_Palermo.json	1619706	e5a49cc149137164a98b47b3acb60fb944f042660524ad87c16ac82fd48b6480	/home/coseerobe/GitHub-Clone/coseerobe/sup_temp_estiva/dati/STstats_Palermo.json	https://palermohub.github.io/isole_di_calore/dati/STstats_Palermo.json
clima/viabilita_zonal_sezioni.json	673705	1ed9f91fdd6c2f1f85f9553c1ad15668ce9d6785ef922b01e08f19629e44612a	/home/coseerobe/GitHub-Clone/coseerobe/sup_temp_estiva/dati/viabilita_zonal_sezioni.json	https://palermohub.github.io/isole_di_calore/dati/viabilita_zonal_sezioni.json
clima/lst_densvia_source.csv	61545	45cf8e7da798daf4ce52a69aed7a254eee31fb8a53a90922ddb2ae7aa791f045	/home/coseerobe/GitHub-Clone/coseerobe/sup_temp_estiva/dati/lst_densvia_source.csv	https://palermohub.github.io/isole_di_calore/dati/lst_densvia_source.csv
clima/lst_palermo.csv	328440	a188ecb16b770f04e7ce6bafaafdb44c3a3f8c5eb5e40e64375a5e0037158f4d	/home/coseerobe/GitHub-Clone/coseerobe/sup_temp_estiva/dati/lst_palermo.csv	https://palermohub.github.io/isole_di_calore/dati/lst_palermo.csv
clima/aggregati_lst_densvia.pmtiles	210772	334a10289e8c6dfd1f39caba68e5ef910ec4ac557cf4a51412a8d685186a1c84	/home/coseerobe/GitHub-Clone/coseerobe/sup_temp_estiva/dati/geo/aggregati_lst_densvia.pmtiles	https://palermohub.github.io/isole_di_calore/dati/geo/aggregati_lst_densvia.pmtiles
clima/aggregati_lst_palermo.pmtiles	210127	b1decbc05649221263f36ac6f73dd1fca04951fce8410285eb3be5608a22794a	/home/coseerobe/GitHub-Clone/coseerobe/sup_temp_estiva/dati/geo/aggregati_lst_palermo.pmtiles	https://palermohub.github.io/isole_di_calore/dati/geo/aggregati_lst_palermo.pmtiles
clima/aggregati_lst_years.pmtiles	509251	cf3cf4ce2bdfce18dac9759312e89e68879bb759d773c6582dba1c9270e4dc81	/home/coseerobe/GitHub-Clone/coseerobe/sup_temp_estiva/dati/geo/aggregati_lst_years.pmtiles	https://palermohub.github.io/isole_di_calore/dati/geo/aggregati_lst_years.pmtiles
clima/circoscrizioni.geojson	287456	c15427046eb5829037d636492a1ac2316e83aa4565a896eb58ba22f3093cf70d	/home/coseerobe/GitHub-Clone/coseerobe/sup_temp_estiva/dati/geo/circoscrizioni.geojson	https://palermohub.github.io/isole_di_calore/dati/geo/circoscrizioni.geojson
clima/circoscrizioni_lst_densvia.geojson	288291	f0318c3d2a14fbab052a4aba2c7d556ad1e0adcae1b26d5de3f66a1224ed3707	/home/coseerobe/GitHub-Clone/coseerobe/sup_temp_estiva/dati/geo/circoscrizioni_lst_densvia.geojson	https://palermohub.github.io/isole_di_calore/dati/geo/circoscrizioni_lst_densvia.geojson
clima/circoscrizioni_lst_palermo.geojson	288284	b9d6f204085742328521c8676a835480684e66870f8ec964cdae6b598b65a688	/home/coseerobe/GitHub-Clone/coseerobe/sup_temp_estiva/dati/geo/circoscrizioni_lst_palermo.geojson	https://palermohub.github.io/isole_di_calore/dati/geo/circoscrizioni_lst_palermo.geojson
clima/circoscrizioni_lst_years.geojson	293420	ddf7ecc26e9ee3c8965d1f13fd3ee81283d3606700f4be6959ed5e71d39ec075	/home/coseerobe/GitHub-Clone/coseerobe/sup_temp_estiva/dati/geo/circoscrizioni_lst_years.geojson	https://palermohub.github.io/isole_di_calore/dati/geo/circoscrizioni_lst_years.geojson
clima/quartieri.geojson	404468	8d542a8f31b80a1bcfffe014e9855a85757e15f6072cbb71fb7d5a560b50eb09	/home/coseerobe/GitHub-Clone/coseerobe/sup_temp_estiva/dati/geo/quartieri.geojson	https://palermohub.github.io/isole_di_calore/dati/geo/quartieri.geojson
clima/quartieri_lst_densvia.geojson	407015	e4195cbddaffea564f4ee0819bf9e7e67dfd32fe51270acd2864c37971252fbc	/home/coseerobe/GitHub-Clone/coseerobe/sup_temp_estiva/dati/geo/quartieri_lst_densvia.geojson	https://palermohub.github.io/isole_di_calore/dati/geo/quartieri_lst_densvia.geojson
clima/quartieri_lst_palermo.geojson	406997	97827a2ca4120ced7a86625ef19c9101702bbff06f7883c92f43ef4c6f139158	/home/coseerobe/GitHub-Clone/coseerobe/sup_temp_estiva/dati/geo/quartieri_lst_palermo.geojson	https://palermohub.github.io/isole_di_calore/dati/geo/quartieri_lst_palermo.geojson
clima/quartieri_lst_years.geojson	422761	cd65572f5d11ea45a773a57602f19b758b40a16c741e87124f244ad789905e95	/home/coseerobe/GitHub-Clone/coseerobe/sup_temp_estiva/dati/geo/quartieri_lst_years.geojson	https://palermohub.github.io/isole_di_calore/dati/geo/quartieri_lst_years.geojson
clima/sezioni.geojson	4566287	310fb0100d7dab8a4431d71d317532319b60de54205415cb2a11f19590ef2db1	/home/coseerobe/GitHub-Clone/coseerobe/sup_temp_estiva/dati/geo/sezioni.geojson	https://palermohub.github.io/isole_di_calore/dati/geo/sezioni.geojson
clima/sezioni_lst_densvia.geojson	4924248	bf059d39214a2479ff026f74f3591b57947987bda62d656ed683a4142ec0ab5b	/home/coseerobe/GitHub-Clone/coseerobe/sup_temp_estiva/dati/geo/sezioni_lst_densvia.geojson	https://palermohub.github.io/isole_di_calore/dati/geo/sezioni_lst_densvia.geojson
clima/sezioni_lst_densvia.pmtiles	1849477	e07f986ea802a3f1a5cfdfcc5bc54a88afa2a59e67b6272c65a3afe72c73ad47	/home/coseerobe/GitHub-Clone/coseerobe/sup_temp_estiva/dati/geo/sezioni_lst_densvia.pmtiles	https://palermohub.github.io/isole_di_calore/dati/geo/sezioni_lst_densvia.pmtiles
clima/sezioni_lst_palermo.geojson	4925431	99428f767751f13e4a5c93ef7bc74b19f3f3193252c134eb926216d287b9ed38	/home/coseerobe/GitHub-Clone/coseerobe/sup_temp_estiva/dati/geo/sezioni_lst_palermo.geojson	https://palermohub.github.io/isole_di_calore/dati/geo/sezioni_lst_palermo.geojson
clima/sezioni_lst_palermo.pmtiles	1747738	0b01b9fc6781fa800355092cca3241db2f0f9a6588f3646f468ba7975c1ae14d	/home/coseerobe/GitHub-Clone/coseerobe/sup_temp_estiva/dati/geo/sezioni_lst_palermo.pmtiles	https://palermohub.github.io/isole_di_calore/dati/geo/sezioni_lst_palermo.pmtiles
clima/sezioni_lst_years.geojson	4918566	66ba8c2944e671202729dfd8e09f35c3d31f4acc847295e980e7c40f5bc89240	/home/coseerobe/GitHub-Clone/coseerobe/sup_temp_estiva/dati/geo/sezioni_lst_years.geojson	https://palermohub.github.io/isole_di_calore/dati/geo/sezioni_lst_years.geojson
clima/sezioni_lst_years.pmtiles	1736618	0ef0b62a491c4386ae19a225e1158927c380fa3cdc9d6124c8271719e852be3f	/home/coseerobe/GitHub-Clone/coseerobe/sup_temp_estiva/dati/geo/sezioni_lst_years.pmtiles	https://palermohub.github.io/isole_di_calore/dati/geo/sezioni_lst_years.pmtiles
clima/sezioni_residui.geojson	5384867	57805f8cbd9de1cd98437a44a5948ac4c93f181a8b41086a970e6d9f8cc780d6	/home/coseerobe/GitHub-Clone/coseerobe/sup_temp_estiva/dati/geo/sezioni_residui.geojson	https://palermohub.github.io/isole_di_calore/dati/geo/sezioni_residui.geojson
clima/sezioni_residui.pmtiles	8794404	dbdb5301acd9ed940898350ac68f467ee4d46caa1539f90eadbba99c76721f2c	/home/coseerobe/GitHub-Clone/coseerobe/sup_temp_estiva/dati/geo/sezioni_residui.pmtiles	https://palermohub.github.io/isole_di_calore/dati/geo/sezioni_residui.pmtiles
clima/upl.geojson	516868	84790d951b7f6ce0fdc1822ed636df940d4ee7d9b9e998f5b14eaf1b316812a7	/home/coseerobe/GitHub-Clone/coseerobe/sup_temp_estiva/dati/geo/upl.geojson	https://palermohub.github.io/isole_di_calore/dati/geo/upl.geojson
clima/upl_lst_densvia.geojson	524291	ac1157233db87e58fbc7705969c2c2a536450bd7e40c917a97536a439cb7b92a	/home/coseerobe/GitHub-Clone/coseerobe/sup_temp_estiva/dati/geo/upl_lst_densvia.geojson	https://palermohub.github.io/isole_di_calore/dati/geo/upl_lst_densvia.geojson
clima/upl_lst_palermo.geojson	524247	cd3d4419064350dfedae1e23c78366e0b207f24457074798dc191fa4e03ecef6	/home/coseerobe/GitHub-Clone/coseerobe/sup_temp_estiva/dati/geo/upl_lst_palermo.geojson	https://palermohub.github.io/isole_di_calore/dati/geo/upl_lst_palermo.geojson
clima/upl_lst_years.geojson	556748	16fc2333fc7d834ddcc78e8d19f70c350a5560cc62c62cfd0b4db99086670cdf	/home/coseerobe/GitHub-Clone/coseerobe/sup_temp_estiva/dati/geo/upl_lst_years.geojson	https://palermohub.github.io/isole_di_calore/dati/geo/upl_lst_years.geojson
verde/02_quadrante.csv	57364	8387415c323f18597f7146f086ec5ab402c885c75368991553ad3fe5ff650e49	/home/coseerobe/GitHub-Clone/coseerobe/Verde_Urbano/dati/02_quadrante.csv	https://palermohub.github.io/Verde_Urbano/dati/02_quadrante.csv
verde/05_specie_arboree_palermo.csv	13621	465b98d977988dd07398a210e198c5853e15c83e4ccb162679c35983a7135290	/home/coseerobe/GitHub-Clone/coseerobe/Verde_Urbano/dati/05_specie_arboree_palermo.csv	https://palermohub.github.io/Verde_Urbano/dati/05_specie_arboree_palermo.csv
verde/07_specie.csv	2511	a5f199a7995c95e65ac50263a6b3636901b2934e3b0871218c0971bd5fdd77d9	/home/coseerobe/GitHub-Clone/coseerobe/Verde_Urbano/dati/07_specie.csv	https://palermohub.github.io/Verde_Urbano/dati/07_specie.csv
verde/10_o2_co2.csv	2272	075d3a7d583d3b6932f6ab2b3a2bf7ba929603716f6d42437debb4876a570d95	/home/coseerobe/GitHub-Clone/coseerobe/Verde_Urbano/dati/10_o2_co2.csv	https://palermohub.github.io/Verde_Urbano/dati/10_o2_co2.csv
verde/11_sito_impianto.csv	123	cd040d5811fa18564ff2bc67b26470ea90d126ddf8a6845b785a382207ed1d5e	/home/coseerobe/GitHub-Clone/coseerobe/Verde_Urbano/dati/11_sito_impianto.csv	https://palermohub.github.io/Verde_Urbano/dati/11_sito_impianto.csv
verde/12_altezza_diametro.csv	21	a91c0ca9d4cc1d5c6930685369e41f409b8a135240d4a42a63844da99834302d	/home/coseerobe/GitHub-Clone/coseerobe/Verde_Urbano/dati/12_altezza_diametro.csv	https://palermohub.github.io/Verde_Urbano/dati/12_altezza_diametro.csv
verde/13_altezza.csv	21	a91c0ca9d4cc1d5c6930685369e41f409b8a135240d4a42a63844da99834302d	/home/coseerobe/GitHub-Clone/coseerobe/Verde_Urbano/dati/13_altezza.csv	https://palermohub.github.io/Verde_Urbano/dati/13_altezza.csv
verde/14_co2_diametro.csv	21	a91c0ca9d4cc1d5c6930685369e41f409b8a135240d4a42a63844da99834302d	/home/coseerobe/GitHub-Clone/coseerobe/Verde_Urbano/dati/14_co2_diametro.csv	https://palermohub.github.io/Verde_Urbano/dati/14_co2_diametro.csv
verde/16_tot_foglie.csv	3895	be61950e793cffd82176057259d37d9091fbf5e022388cee5370d5dcc833cc50	/home/coseerobe/GitHub-Clone/coseerobe/Verde_Urbano/dati/16_tot_foglie.csv	https://palermohub.github.io/Verde_Urbano/dati/16_tot_foglie.csv
servizi/copertura_10min.pmtiles	316732	fe4e1ef41525c1c7fd1b0d766ef30a82a8edf50e512828f20f1ef3420f52013a	/home/coseerobe/GitHub-Clone/coseerobe/fontanelle_pa/geo/copertura_10min.pmtiles	https://palermohub.github.io/fontanelle_pa/geo/copertura_10min.pmtiles
servizi/copertura_5min.pmtiles	205771	facc1cd0e733a5414c80ad505bf0ea3a737f54a94c462e58d82aa5e2932a6430	/home/coseerobe/GitHub-Clone/coseerobe/fontanelle_pa/geo/copertura_5min.pmtiles	https://palermohub.github.io/fontanelle_pa/geo/copertura_5min.pmtiles
servizi/fontanelle.geojson	47859	eb01d714c38786a2c78c721c396d738b25a280e8bd0641ecdafe0b6bb5956517	/home/coseerobe/GitHub-Clone/coseerobe/fontanelle_pa/geo/fontanelle.geojson	https://palermohub.github.io/fontanelle_pa/geo/fontanelle.geojson
servizi/fontanelle.pmtiles	41019	62c1bfad23e2f110074a4fa2e2aadf4177d7418f1372d53e5a91a2a79eab75a5	/home/coseerobe/GitHub-Clone/coseerobe/fontanelle_pa/geo/fontanelle.pmtiles	https://palermohub.github.io/fontanelle_pa/geo/fontanelle.pmtiles
servizi/isocrone_10min.pmtiles	316084	efb04fa63323e1687e9ce6a073b40a0372a33f185d2f7801e141f24a9966a914	/home/coseerobe/GitHub-Clone/coseerobe/fontanelle_pa/geo/isocrone_10min.pmtiles	https://palermohub.github.io/fontanelle_pa/geo/isocrone_10min.pmtiles
servizi/isocrone_5min.pmtiles	205256	2dd17c2a3cd9385af4a5cc14aed6b214fc5c5d8539a7e52722eb3b797165a597	/home/coseerobe/GitHub-Clone/coseerobe/fontanelle_pa/geo/isocrone_5min.pmtiles	https://palermohub.github.io/fontanelle_pa/geo/isocrone_5min.pmtiles
servizi/rete_stradale.json	8101386	b8a7f4cd9ee6ae3250bdaefe8f7bee61bffadd9bc1a7ea1a146b3e67068c3732	/home/coseerobe/GitHub-Clone/coseerobe/fontanelle_pa/geo/rete_stradale.json	https://palermohub.github.io/fontanelle_pa/geo/rete_stradale.json
servizi/stats.json	837	aedcfb3937185734b074448693232de8ae3623761911709711acef10624466d8	/home/coseerobe/GitHub-Clone/coseerobe/fontanelle_pa/geo/stats.json	https://palermohub.github.io/fontanelle_pa/geo/stats.json
servizi/peba.geojson	148204	94ee0a25fddb3930a6f224b0591ba5aec62f9a8f3de9737bbdea77543b6eeb75	/home/coseerobe/GitHub-Clone/coseerobe/peba/dati/peba.geojson	https://palermohub.github.io/peba/dati/peba.geojson
servizi/peba_edifici.geojson	57865	328749919e989d5f0edbd40b8218f13fd31fb79341c2e3e660b49b71ac31874d	/home/coseerobe/GitHub-Clone/coseerobe/peba/dati/peba_edifici.geojson	https://palermohub.github.io/peba/dati/peba_edifici.geojson
servizi/peba_aree_verdi.geojson	15244	5b2d190d3650cfcc4ddcd5cb217b90a06250297cd84441465424be38fbeb07a7	/home/coseerobe/GitHub-Clone/coseerobe/peba/dati/peba_aree_verdi.geojson	https://palermohub.github.io/peba/dati/peba_aree_verdi.geojson
servizi/schede_completo.json	115525	b0380172ffcba1483daf7796e2cabc62fd2fe5219f3eeff406f8b37167a3ac19	/home/coseerobe/GitHub-Clone/coseerobe/peba/dati/schede_completo.json	https://palermohub.github.io/peba/dati/schede_completo.json
servizi/costi_per_scheda.md	14941	98de2c6a10f8f9c7ab569b8ae99b7cdc2e8e3d4f1464c84362d0c2b84b833509	/home/coseerobe/GitHub-Clone/coseerobe/peba/dati/costi_per_scheda.md	https://palermohub.github.io/peba/dati/costi_per_scheda.md
servizi/indice_peba.md	2665	dc9d35c529d61f0560f273a155868ae8f8c1d796eec53f5da0a557a805affa90	/home/coseerobe/GitHub-Clone/coseerobe/peba/dati/indice_peba.md	https://palermohub.github.io/peba/dati/indice_peba.md
servizi/priorita_schede.md	19871	8033f8480bd240cfc4ceca0e2f0f89c1f8466804ca31314c7aae005c507ede86	/home/coseerobe/GitHub-Clone/coseerobe/peba/dati/priorita_schede.md	https://palermohub.github.io/peba/dati/priorita_schede.md
servizi/procedura_edifici_osm.md	6687	060cb61cae5270af41786819f1c1be92fcc09edb296cd98949e3dba27220d755	/home/coseerobe/GitHub-Clone/coseerobe/peba/dati/procedura_edifici_osm.md	https://palermohub.github.io/peba/dati/procedura_edifici_osm.md
civici-omi/civici_index.json	4492134	9a766c3b6f8d5bdec9e967b5264a9944fd458239c3470d6350e2c02d5015b158	/mnt/d/GitHub - Clone/SiciliaHub/palermohub/pmtiles/civici_index.json	https://palermohub.opendatasicilia.it/pmtiles/civici_index.json
mobilita/sicurezza/rete_rischio.geojson	22447868	5ae257b1e5c344084071ab8c836956cc4234691ba3928e371c62d9ed1f817aa6	/home/coseerobe/GitHub-Clone/coseerobe/Rete-Stradale 01/dati/geojson/rete_rischio.geojson	
mobilita/sicurezza/hotspot_griglia.geojson	1322152	279aad7f9ce31b382f9e10dda473124bc5878968f71f945770072f96e09f3d77	/home/coseerobe/GitHub-Clone/coseerobe/Rete-Stradale 01/dati/geojson/hotspot_griglia.geojson	
mobilita/sicurezza/incidenti_snap.geojson	7533744	548fbda7ffc35962e4f9d22842df8242ca5d823046d0ef5015b0afce2d875a93	/home/coseerobe/GitHub-Clone/coseerobe/Rete-Stradale 01/dati/geojson/incidenti_snap.geojson	
